year,count,cost,deaths,lower75,upper75,lower90,upper90,lower95,upper95,countRank,costRank,deathsRank,disaster
1980,1.0,33.9,1260.0,26.9,26.9,25.0,25.0,23.9,23.9,1.0,3.0,1.0,drought
1981,0.0,0.0,0.0,0.0,0.0,0.0,0.0,0.0,0.0,42.0,42.0,42.0,drought
1982,0.0,0.0,0.0,0.0,0.0,0.0,0.0,0.0,0.0,42.0,42.0,42.0,drought
1983,1.0,8.0,0.0,5.6,5.6,5.1,5.1,4.7,4.7,1.0,8.0,42.0,drought
1984,0.0,0.0,0.0,0.0,0.0,0.0,0.0,0.0,0.0,42.0,42.0,42.0,drought
1985,0.0,0.0,0.0,0.0,0.0,0.0,0.0,0.0,0.0,42.0,42.0,42.0,drought
1986,1.0,4.3,100.0,3.5,3.5,3.3,3.3,3.1,3.1,1.0,20.0,8.0,drought
1987,0.0,0.0,0.0,0.0,0.0,0.0,0.0,0.0,0.0,42.0,42.0,42.0,drought
1988,1.0,45.4,454.0,34.6,34.6,32.0,32.0,30.9,30.9,1.0,1.0,4.0,drought
1989,1.0,6.5,0.0,5.7,5.7,5.4,5.4,5.2,5.2,1.0,12.0,42.0,drought
1990,0.0,0.0,0.0,0.0,0.0,0.0,0.0,0.0,0.0,42.0,42.0,42.0,drought
1991,1.0,5.9,0.0,5.9,5.9,5.6,5.6,5.4,5.4,1.0,13.0,42.0,drought
1992,0.0,0.0,0.0,0.0,0.0,0.0,0.0,0.0,0.0,42.0,42.0,42.0,drought
1993,1.0,2.3,16.0,2.3,2.3,2.2,2.2,2.2,2.2,1.0,26.0,13.0,drought
1994,0.0,0.0,0.0,0.0,0.0,0.0,0.0,0.0,0.0,42.0,42.0,42.0,drought
1995,1.0,1.7,872.0,1.5,1.5,1.3,1.3,1.1,1.1,1.0,28.0,2.0,drought
1996,1.0,3.0,0.0,3.0,3.0,2.8,2.8,2.7,2.7,1.0,24.0,42.0,drought
1997,0.0,0.0,0.0,0.0,0.0,0.0,0.0,0.0,0.0,42.0,42.0,42.0,drought
1998,1.0,5.8,200.0,4.9,4.9,4.7,4.7,4.6,4.6,1.0,14.0,5.0,drought
1999,1.0,4.0,502.0,3.7,3.7,3.6,3.6,3.5,3.5,1.0,21.0,3.0,drought
2000,1.0,7.8,140.0,7.3,7.3,7.0,7.0,6.9,6.9,1.0,10.0,6.0,drought
2001,0.0,0.0,0.0,0.0,0.0,0.0,0.0,0.0,0.0,42.0,42.0,42.0,drought
2002,1.0,13.4,0.0,13.3,13.3,13.1,13.1,12.9,12.9,1.0,5.0,42.0,drought
2003,1.0,7.3,35.0,6.6,6.6,6.5,6.5,6.4,6.4,1.0,11.0,12.0,drought
2004,0.0,0.0,0.0,0.0,0.0,0.0,0.0,0.0,0.0,42.0,42.0,42.0,drought
2005,1.0,2.0,0.0,2.0,2.0,1.9,1.9,1.9,1.9,1.0,27.0,42.0,drought
2006,1.0,8.0,0.0,7.5,7.5,7.3,7.3,7.1,7.1,1.0,8.0,42.0,drought
2007,1.0,4.6,15.0,4.6,4.6,4.5,4.5,4.4,4.4,1.0,16.0,14.0,drought
2008,1.0,8.8,0.0,8.3,8.3,8.0,8.0,7.9,7.9,1.0,7.0,42.0,drought
2009,1.0,4.4,0.0,4.3,4.3,4.1,4.1,4.0,4.0,1.0,18.0,42.0,drought
2010,0.0,0.0,0.0,0.0,0.0,0.0,0.0,0.0,0.0,42.0,42.0,42.0,drought
2011,1.0,14.2,95.0,12.8,12.8,12.5,12.5,12.4,12.4,1.0,4.0,9.0,drought
2012,1.0,34.8,123.0,33.5,33.5,32.8,32.8,32.3,32.3,1.0,2.0,7.0,drought
2013,1.0,11.9,53.0,11.2,11.2,10.9,10.9,10.7,10.7,1.0,6.0,10.0,drought
2014,1.0,4.4,0.0,3.8,3.8,3.6,3.6,3.3,3.3,1.0,18.0,42.0,drought
2015,1.0,5.0,0.0,4.5,4.5,4.3,4.3,4.1,4.1,1.0,15.0,42.0,drought
2016,1.0,3.8,0.0,2.7,2.7,2.4,2.4,2.2,2.2,1.0,22.0,42.0,drought
2017,1.0,2.7,0.0,2.0,2.0,1.9,1.9,1.8,1.8,1.0,25.0,42.0,drought
2018,1.0,3.1,0.0,2.8,2.8,2.7,2.7,2.6,2.6,1.0,23.0,42.0,drought
2019,0.0,0.0,0.0,0.0,0.0,0.0,0.0,0.0,0.0,42.0,42.0,42.0,drought
2020,1.0,4.5,45.0,3.9,3.9,3.7,3.7,3.5,3.5,1.0,17.0,11.0,drought
1980,1.0,2.4,7.0,1.4,1.4,1.2,1.2,1.0,1.0,10.0,14.0,19.0,flooding
1981,0.0,0.0,0.0,0.0,0.0,0.0,0.0,0.0,0.0,42.0,42.0,42.0,flooding
1982,0.0,0.0,0.0,0.0,0.0,0.0,0.0,0.0,0.0,42.0,42.0,42.0,flooding
1983,2.0,8.5,95.0,7.5,7.5,7.0,7.0,6.6,6.6,3.0,6.0,1.0,flooding
1984,0.0,0.0,0.0,0.0,0.0,0.0,0.0,0.0,0.0,42.0,42.0,42.0,flooding
1985,1.0,3.4,62.0,2.2,2.2,2.0,2.0,1.8,1.8,10.0,12.0,2.0,flooding
1986,0.0,0.0,0.0,0.0,0.0,0.0,0.0,0.0,0.0,42.0,42.0,42.0,flooding
1987,0.0,0.0,0.0,0.0,0.0,0.0,0.0,0.0,0.0,42.0,42.0,42.0,flooding
1988,0.0,0.0,0.0,0.0,0.0,0.0,0.0,0.0,0.0,42.0,42.0,42.0,flooding
1989,0.0,0.0,0.0,0.0,0.0,0.0,0.0,0.0,0.0,42.0,42.0,42.0,flooding
1990,1.0,2.1,13.0,1.9,1.9,1.8,1.8,1.7,1.7,10.0,15.0,14.0,flooding
1991,0.0,0.0,0.0,0.0,0.0,0.0,0.0,0.0,0.0,42.0,42.0,42.0,flooding
1992,0.0,0.0,0.0,0.0,0.0,0.0,0.0,0.0,0.0,42.0,42.0,42.0,flooding
1993,1.0,38.6,48.0,27.3,27.3,25.6,25.6,24.5,24.5,10.0,1.0,5.0,flooding
1994,1.0,1.8,19.0,1.8,1.8,1.7,1.7,1.6,1.6,10.0,17.0,13.0,flooding
1995,1.0,4.4,27.0,2.7,2.7,2.5,2.5,2.4,2.4,10.0,10.0,9.0,flooding
1996,1.0,1.7,9.0,1.6,1.6,1.5,1.5,1.5,1.5,10.0,18.0,18.0,flooding
1997,2.0,11.1,47.0,10.3,10.3,9.6,9.6,8.9,8.9,3.0,5.0,6.0,flooding
1998,1.0,1.5,31.0,1.4,1.4,1.3,1.3,1.2,1.2,10.0,19.0,8.0,flooding
1999,0.0,0.0,0.0,0.0,0.0,0.0,0.0,0.0,0.0,42.0,42.0,42.0,flooding
2000,1.0,1.4,3.0,0.8,0.8,1.0,1.0,0.8,0.8,10.0,20.0,20.0,flooding
2001,0.0,0.0,0.0,0.0,0.0,0.0,0.0,0.0,0.0,42.0,42.0,42.0,flooding
2002,0.0,0.0,0.0,0.0,0.0,0.0,0.0,0.0,0.0,42.0,42.0,42.0,flooding
2003,0.0,0.0,0.0,0.0,0.0,0.0,0.0,0.0,0.0,42.0,42.0,42.0,flooding
2004,0.0,0.0,0.0,0.0,0.0,0.0,0.0,0.0,0.0,42.0,42.0,42.0,flooding
2005,0.0,0.0,0.0,0.0,0.0,0.0,0.0,0.0,0.0,42.0,42.0,42.0,flooding
2006,1.0,2.0,20.0,1.9,1.9,1.7,1.7,1.7,1.7,10.0,16.0,12.0,flooding
2007,0.0,0.0,0.0,0.0,0.0,0.0,0.0,0.0,0.0,42.0,42.0,42.0,flooding
2008,1.0,12.4,24.0,9.8,9.8,9.3,9.3,9.0,9.0,10.0,4.0,11.0,flooding
2009,0.0,0.0,0.0,0.0,0.0,0.0,0.0,0.0,0.0,42.0,42.0,42.0,flooding
2010,2.0,4.9,43.0,3.5,3.5,3.4,3.4,3.2,3.2,3.0,9.0,7.0,flooding
2011,2.0,6.0,12.0,5.7,5.7,5.4,5.4,5.4,5.4,3.0,7.0,16.0,flooding
2012,0.0,0.0,0.0,0.0,0.0,0.0,0.0,0.0,0.0,42.0,42.0,42.0,flooding
2013,2.0,2.9,13.0,2.6,2.6,2.5,2.5,2.4,2.4,3.0,13.0,14.0,flooding
2014,1.0,1.2,2.0,1.1,1.1,0.9,0.9,0.9,0.9,10.0,21.0,21.0,flooding
2015,2.0,5.1,56.0,4.2,4.2,4.0,4.0,3.8,3.8,3.0,8.0,3.0,flooding
2016,4.0,17.7,49.0,13.8,13.8,12.9,12.9,12.2,12.2,1.0,3.0,4.0,flooding
2017,2.0,3.4,25.0,2.6,2.6,2.4,2.4,2.3,2.3,3.0,11.0,10.0,flooding
2018,0.0,0.0,0.0,0.0,0.0,0.0,0.0,0.0,0.0,42.0,42.0,42.0,flooding
2019,3.0,20.5,12.0,16.4,16.4,15.5,15.5,14.6,14.6,2.0,2.0,16.0,flooding
2020,0.0,0.0,0.0,0.0,0.0,0.0,0.0,0.0,0.0,42.0,42.0,42.0,flooding
1980,0.0,0.0,0.0,0.0,0.0,0.0,0.0,0.0,0.0,42.0,42.0,42.0,freeze
1981,1.0,1.7,0.0,1.4,1.4,1.2,1.2,0.9,0.9,2.0,7.0,42.0,freeze
1982,0.0,0.0,0.0,0.0,0.0,0.0,0.0,0.0,0.0,42.0,42.0,42.0,freeze
1983,1.0,5.4,151.0,4.4,4.4,4.2,4.2,4.1,4.1,2.0,2.0,1.0,freeze
1984,0.0,0.0,0.0,0.0,0.0,0.0,0.0,0.0,0.0,42.0,42.0,42.0,freeze
1985,1.0,3.0,0.0,2.5,2.5,2.3,2.3,2.1,2.1,2.0,6.0,42.0,freeze
1986,0.0,0.0,0.0,0.0,0.0,0.0,0.0,0.0,0.0,42.0,42.0,42.0,freeze
1987,0.0,0.0,0.0,0.0,0.0,0.0,0.0,0.0,0.0,42.0,42.0,42.0,freeze
1988,0.0,0.0,0.0,0.0,0.0,0.0,0.0,0.0,0.0,42.0,42.0,42.0,freeze
1989,1.0,4.3,10.0,3.4,3.4,3.2,3.2,3.1,3.1,2.0,4.0,2.0,freeze
1990,1.0,7.0,0.0,5.4,5.4,5.1,5.1,5.0,5.0,2.0,1.0,42.0,freeze
1991,0.0,0.0,0.0,0.0,0.0,0.0,0.0,0.0,0.0,42.0,42.0,42.0,freeze
1992,0.0,0.0,0.0,0.0,0.0,0.0,0.0,0.0,0.0,42.0,42.0,42.0,freeze
1993,0.0,0.0,0.0,0.0,0.0,0.0,0.0,0.0,0.0,42.0,42.0,42.0,freeze
1994,0.0,0.0,0.0,0.0,0.0,0.0,0.0,0.0,0.0,42.0,42.0,42.0,freeze
1995,0.0,0.0,0.0,0.0,0.0,0.0,0.0,0.0,0.0,42.0,42.0,42.0,freeze
1996,0.0,0.0,0.0,0.0,0.0,0.0,0.0,0.0,0.0,42.0,42.0,42.0,freeze
1997,0.0,0.0,0.0,0.0,0.0,0.0,0.0,0.0,0.0,42.0,42.0,42.0,freeze
1998,1.0,4.1,0.0,3.3,3.3,3.2,3.2,3.1,3.1,2.0,5.0,42.0,freeze
1999,0.0,0.0,0.0,0.0,0.0,0.0,0.0,0.0,0.0,42.0,42.0,42.0,freeze
2000,0.0,0.0,0.0,0.0,0.0,0.0,0.0,0.0,0.0,42.0,42.0,42.0,freeze
2001,0.0,0.0,0.0,0.0,0.0,0.0,0.0,0.0,0.0,42.0,42.0,42.0,freeze
2002,0.0,0.0,0.0,0.0,0.0,0.0,0.0,0.0,0.0,42.0,42.0,42.0,freeze
2003,0.0,0.0,0.0,0.0,0.0,0.0,0.0,0.0,0.0,42.0,42.0,42.0,freeze
2004,0.0,0.0,0.0,0.0,0.0,0.0,0.0,0.0,0.0,42.0,42.0,42.0,freeze
2005,0.0,0.0,0.0,0.0,0.0,0.0,0.0,0.0,0.0,42.0,42.0,42.0,freeze
2006,0.0,0.0,0.0,0.0,0.0,0.0,0.0,0.0,0.0,42.0,42.0,42.0,freeze
2007,2.0,4.5,1.0,3.9,3.9,3.7,3.7,3.7,3.7,1.0,3.0,3.0,freeze
2008,0.0,0.0,0.0,0.0,0.0,0.0,0.0,0.0,0.0,42.0,42.0,42.0,freeze
2009,0.0,0.0,0.0,0.0,0.0,0.0,0.0,0.0,0.0,42.0,42.0,42.0,freeze
2010,0.0,0.0,0.0,0.0,0.0,0.0,0.0,0.0,0.0,42.0,42.0,42.0,freeze
2011,0.0,0.0,0.0,0.0,0.0,0.0,0.0,0.0,0.0,42.0,42.0,42.0,freeze
2012,0.0,0.0,0.0,0.0,0.0,0.0,0.0,0.0,0.0,42.0,42.0,42.0,freeze
2013,0.0,0.0,0.0,0.0,0.0,0.0,0.0,0.0,0.0,42.0,42.0,42.0,freeze
2014,0.0,0.0,0.0,0.0,0.0,0.0,0.0,0.0,0.0,42.0,42.0,42.0,freeze
2015,0.0,0.0,0.0,0.0,0.0,0.0,0.0,0.0,0.0,42.0,42.0,42.0,freeze
2016,0.0,0.0,0.0,0.0,0.0,0.0,0.0,0.0,0.0,42.0,42.0,42.0,freeze
2017,1.0,1.1,0.0,0.9,0.9,0.9,0.9,0.8,0.8,2.0,8.0,42.0,freeze
2018,0.0,0.0,0.0,0.0,0.0,0.0,0.0,0.0,0.0,42.0,42.0,42.0,freeze
2019,0.0,0.0,0.0,0.0,0.0,0.0,0.0,0.0,0.0,42.0,42.0,42.0,freeze
2020,0.0,0.0,0.0,0.0,0.0,0.0,0.0,0.0,0.0,42.0,42.0,42.0,freeze
1980,0.0,0.0,0.0,0.0,0.0,0.0,0.0,0.0,0.0,42.0,42.0,42.0,severe-storm
1981,1.0,1.2,20.0,1.0,1.0,0.7,0.7,0.5,0.5,21.0,34.0,21.0,severe-storm
1982,2.0,2.6,63.0,2.4,2.4,2.0,2.0,1.8,1.8,18.0,24.0,9.0,severe-storm
1983,0.0,0.0,0.0,0.0,0.0,0.0,0.0,0.0,0.0,42.0,42.0,42.0,severe-storm
1984,2.0,2.8,81.0,2.5,2.5,2.2,2.2,2.0,2.0,18.0,23.0,5.0,severe-storm
1985,0.0,0.0,0.0,0.0,0.0,0.0,0.0,0.0,0.0,42.0,42.0,42.0,severe-storm
1986,1.0,1.3,13.0,0.9,0.9,0.9,0.9,0.9,0.9,21.0,30.0,24.0,severe-storm
1987,0.0,0.0,0.0,0.0,0.0,0.0,0.0,0.0,0.0,42.0,42.0,42.0,severe-storm
1988,0.0,0.0,0.0,0.0,0.0,0.0,0.0,0.0,0.0,42.0,42.0,42.0,severe-storm
1989,1.0,1.2,21.0,1.1,1.1,1.0,1.0,0.9,0.9,21.0,34.0,20.0,severe-storm
1990,1.0,1.7,0.0,1.6,1.6,1.6,1.6,1.5,1.5,21.0,26.0,42.0,severe-storm
1991,1.0,1.3,0.0,1.2,1.2,1.1,1.1,1.0,1.0,21.0,30.0,42.0,severe-storm
1992,4.0,5.9,26.0,5.7,5.7,5.2,5.2,5.0,5.0,13.0,18.0,18.0,severe-storm
1993,1.0,1.2,1.0,1.0,1.0,0.9,0.9,0.8,0.8,21.0,34.0,31.0,severe-storm
1994,1.0,1.8,3.0,1.6,1.6,1.5,1.5,1.4,1.4,21.0,25.0,30.0,severe-storm
1995,1.0,9.6,32.0,7.3,7.3,6.8,6.8,6.5,6.5,21.0,14.0,16.0,severe-storm
1996,0.0,0.0,0.0,0.0,0.0,0.0,0.0,0.0,0.0,42.0,42.0,42.0,severe-storm
1997,1.0,1.6,67.0,1.5,1.5,1.4,1.4,1.3,1.3,21.0,27.0,8.0,severe-storm
1998,3.0,6.3,153.0,5.5,5.5,5.4,5.4,5.3,5.3,17.0,17.0,2.0,severe-storm
1999,1.0,3.2,55.0,2.7,2.7,2.7,2.7,2.5,2.5,21.0,22.0,11.0,severe-storm
2000,1.0,1.1,0.0,1.4,1.4,1.4,1.4,1.3,1.3,21.0,35.0,42.0,severe-storm
2001,1.0,4.6,3.0,4.4,4.4,4.3,4.3,4.2,4.2,21.0,19.0,30.0,severe-storm
2002,2.0,4.1,35.0,3.7,3.7,3.7,3.7,3.5,3.5,18.0,20.0,14.0,severe-storm
2003,4.0,11.6,68.0,10.3,10.3,9.9,9.9,9.6,9.6,13.0,10.0,7.0,severe-storm
2004,1.0,1.4,4.0,1.3,1.3,1.3,1.3,1.2,1.2,21.0,28.0,28.0,severe-storm
2005,1.0,1.2,0.0,1.1,1.1,1.1,1.1,1.0,1.0,21.0,34.0,42.0,severe-storm
2006,4.0,8.3,48.0,7.6,7.6,7.5,7.5,7.2,7.2,13.0,16.0,12.0,severe-storm
2007,1.0,3.3,9.0,2.8,2.8,2.8,2.8,2.8,2.8,21.0,21.0,25.0,severe-storm
2008,6.0,11.2,107.0,10.4,10.4,10.2,10.2,10.0,10.0,9.0,11.0,3.0,severe-storm
2009,6.0,10.2,23.0,9.1,9.1,9.0,9.0,8.8,8.8,9.0,13.0,19.0,severe-storm
2010,4.0,10.8,5.0,10.6,10.6,10.3,10.3,10.2,10.2,13.0,12.0,27.0,severe-storm
2011,9.0,37.3,550.0,34.5,34.5,33.4,33.4,31.9,31.9,2.0,1.0,1.0,severe-storm
2012,7.0,19.0,78.0,17.4,17.4,17.2,17.2,16.8,16.8,7.0,3.0,6.0,severe-storm
2013,7.0,12.1,48.0,11.3,11.3,11.1,11.1,10.8,10.8,7.0,9.0,12.0,severe-storm
2014,6.0,12.4,35.0,11.8,11.8,11.5,11.5,11.3,11.3,9.0,7.0,14.0,severe-storm
2015,6.0,9.2,60.0,8.7,8.7,8.5,8.5,8.1,8.1,9.0,15.0,10.0,severe-storm
2016,8.0,16.2,19.0,14.4,14.4,13.7,13.7,13.4,13.4,3.0,5.0,22.0,severe-storm
2017,8.0,17.7,32.0,16.5,16.5,16.2,16.2,15.5,15.5,3.0,4.0,16.0,severe-storm
2018,8.0,12.2,8.0,10.5,10.5,10.4,10.4,10.2,10.2,3.0,8.0,26.0,severe-storm
2019,8.0,14.2,14.0,13.0,13.0,12.3,12.3,11.6,11.6,3.0,6.0,23.0,severe-storm
2020,13.0,34.4,85.0,30.9,30.9,30.1,30.1,28.9,28.9,1.0,2.0,4.0,severe-storm
1980,1.0,2.0,13.0,1.4,1.4,1.2,1.2,1.0,1.0,15.0,23.0,23.0,tropical-cyclone
1981,0.0,0.0,0.0,0.0,0.0,0.0,0.0,0.0,0.0,42.0,42.0,42.0,tropical-cyclone
1982,0.0,0.0,0.0,0.0,0.0,0.0,0.0,0.0,0.0,42.0,42.0,42.0,tropical-cyclone
1983,1.0,8.1,21.0,5.5,5.5,5.1,5.1,4.8,4.8,15.0,18.0,19.0,tropical-cyclone
1984,0.0,0.0,0.0,0.0,0.0,0.0,0.0,0.0,0.0,42.0,42.0,42.0,tropical-cyclone
1985,3.0,9.0,78.0,6.1,6.1,5.5,5.5,5.1,5.1,4.0,16.0,9.0,tropical-cyclone
1986,0.0,0.0,0.0,0.0,0.0,0.0,0.0,0.0,0.0,42.0,42.0,42.0,tropical-cyclone
1987,0.0,0.0,0.0,0.0,0.0,0.0,0.0,0.0,0.0,42.0,42.0,42.0,tropical-cyclone
1988,0.0,0.0,0.0,0.0,0.0,0.0,0.0,0.0,0.0,42.0,42.0,42.0,tropical-cyclone
1989,1.0,19.5,86.0,17.6,17.6,17.0,17.0,16.7,16.7,15.0,9.0,7.0,tropical-cyclone
1990,0.0,0.0,0.0,0.0,0.0,0.0,0.0,0.0,0.0,42.0,42.0,42.0,tropical-cyclone
1991,1.0,2.9,18.0,2.5,2.5,2.4,2.4,2.2,2.2,15.0,22.0,21.0,tropical-cyclone
1992,2.0,57.2,68.0,51.0,51.0,49.2,49.2,48.1,48.1,9.0,5.0,11.0,tropical-cyclone
1993,0.0,0.0,0.0,0.0,0.0,0.0,0.0,0.0,0.0,42.0,42.0,42.0,tropical-cyclone
1994,1.0,1.8,32.0,1.6,1.6,1.5,1.5,1.4,1.4,15.0,24.0,18.0,tropical-cyclone
1995,3.0,13.4,46.0,12.3,12.3,11.9,11.9,11.6,11.6,4.0,11.0,15.0,tropical-cyclone
1996,1.0,8.5,37.0,7.8,7.8,7.3,7.3,7.0,7.0,15.0,17.0,17.0,tropical-cyclone
1997,0.0,0.0,0.0,0.0,0.0,0.0,0.0,0.0,0.0,42.0,42.0,42.0,tropical-cyclone
1998,3.0,12.5,21.0,10.8,10.8,10.2,10.2,9.9,9.9,4.0,13.0,19.0,tropical-cyclone
1999,1.0,10.4,77.0,9.1,9.1,8.7,8.7,8.5,8.5,15.0,15.0,10.0,tropical-cyclone
2000,0.0,0.0,0.0,0.0,0.0,0.0,0.0,0.0,0.0,42.0,42.0,42.0,tropical-cyclone
2001,1.0,12.8,43.0,10.8,10.8,10.3,10.3,10.1,10.1,15.0,12.0,16.0,tropical-cyclone
2002,2.0,3.3,7.0,2.8,2.8,2.8,2.8,2.6,2.6,9.0,21.0,24.0,tropical-cyclone
2003,1.0,8.0,55.0,6.7,6.7,6.6,6.6,6.5,6.5,15.0,19.0,13.0,tropical-cyclone
2004,4.0,76.3,168.0,68.5,68.5,66.4,66.4,65.2,65.2,2.0,4.0,3.0,tropical-cyclone
2005,4.0,227.6,2002.0,191.1,191.1,181.6,181.6,175.6,175.6,2.0,2.0,2.0,tropical-cyclone
2006,0.0,0.0,0.0,0.0,0.0,0.0,0.0,0.0,0.0,42.0,42.0,42.0,tropical-cyclone
2007,0.0,0.0,0.0,0.0,0.0,0.0,0.0,0.0,0.0,42.0,42.0,42.0,tropical-cyclone
2008,3.0,46.6,168.0,42.6,42.6,41.4,41.4,40.8,40.8,4.0,7.0,3.0,tropical-cyclone
2009,0.0,0.0,0.0,0.0,0.0,0.0,0.0,0.0,0.0,42.0,42.0,42.0,tropical-cyclone
2010,0.0,0.0,0.0,0.0,0.0,0.0,0.0,0.0,0.0,42.0,42.0,42.0,tropical-cyclone
2011,2.0,19.1,66.0,16.8,16.8,16.2,16.2,15.9,15.9,9.0,10.0,12.0,tropical-cyclone
2012,2.0,78.6,168.0,65.4,65.4,61.8,61.8,59.9,59.9,9.0,3.0,3.0,tropical-cyclone
2013,0.0,0.0,0.0,0.0,0.0,0.0,0.0,0.0,0.0,42.0,42.0,42.0,tropical-cyclone
2014,0.0,0.0,0.0,0.0,0.0,0.0,0.0,0.0,0.0,42.0,42.0,42.0,tropical-cyclone
2015,0.0,0.0,0.0,0.0,0.0,0.0,0.0,0.0,0.0,42.0,42.0,42.0,tropical-cyclone
2016,1.0,11.1,49.0,8.2,8.2,8.0,8.0,7.8,7.8,15.0,14.0,14.0,tropical-cyclone
2017,3.0,283.6,3167.0,228.9,228.9,206.0,206.0,192.7,192.7,4.0,1.0,1.0,tropical-cyclone
2018,2.0,51.0,102.0,41.6,41.6,36.4,36.4,31.7,31.7,9.0,6.0,6.0,tropical-cyclone
2019,2.0,6.8,15.0,4.3,4.3,4.0,4.0,3.7,3.7,9.0,20.0,22.0,tropical-cyclone
2020,7.0,40.3,86.0,35.3,35.3,33.4,33.4,31.7,31.7,1.0,8.0,7.0,tropical-cyclone
1980,0.0,0.0,0.0,0.0,0.0,0.0,0.0,0.0,0.0,42.0,42.0,42.0,wildfire
1981,0.0,0.0,0.0,0.0,0.0,0.0,0.0,0.0,0.0,42.0,42.0,42.0,wildfire
1982,0.0,0.0,0.0,0.0,0.0,0.0,0.0,0.0,0.0,42.0,42.0,42.0,wildfire
1983,0.0,0.0,0.0,0.0,0.0,0.0,0.0,0.0,0.0,42.0,42.0,42.0,wildfire
1984,0.0,0.0,0.0,0.0,0.0,0.0,0.0,0.0,0.0,42.0,42.0,42.0,wildfire
1985,0.0,0.0,0.0,0.0,0.0,0.0,0.0,0.0,0.0,42.0,42.0,42.0,wildfire
1986,0.0,0.0,0.0,0.0,0.0,0.0,0.0,0.0,0.0,42.0,42.0,42.0,wildfire
1987,0.0,0.0,0.0,0.0,0.0,0.0,0.0,0.0,0.0,42.0,42.0,42.0,wildfire
1988,0.0,0.0,0.0,0.0,0.0,0.0,0.0,0.0,0.0,42.0,42.0,42.0,wildfire
1989,0.0,0.0,0.0,0.0,0.0,0.0,0.0,0.0,0.0,42.0,42.0,42.0,wildfire
1990,0.0,0.0,0.0,0.0,0.0,0.0,0.0,0.0,0.0,42.0,42.0,42.0,wildfire
1991,1.0,6.4,25.0,5.1,5.1,4.8,4.8,4.5,4.5,1.0,4.0,5.0,wildfire
1992,0.0,0.0,0.0,0.0,0.0,0.0,0.0,0.0,0.0,42.0,42.0,42.0,wildfire
1993,1.0,2.5,4.0,1.9,1.9,1.8,1.8,1.7,1.7,1.0,10.0,15.0,wildfire
1994,1.0,1.3,0.0,1.1,1.1,1.1,1.1,0.9,0.9,1.0,17.0,42.0,wildfire
1995,0.0,0.0,0.0,0.0,0.0,0.0,0.0,0.0,0.0,42.0,42.0,42.0,wildfire
1996,0.0,0.0,0.0,0.0,0.0,0.0,0.0,0.0,0.0,42.0,42.0,42.0,wildfire
1997,0.0,0.0,0.0,0.0,0.0,0.0,0.0,0.0,0.0,42.0,42.0,42.0,wildfire
1998,0.0,0.0,0.0,0.0,0.0,0.0,0.0,0.0,0.0,42.0,42.0,42.0,wildfire
1999,0.0,0.0,0.0,0.0,0.0,0.0,0.0,0.0,0.0,42.0,42.0,42.0,wildfire
2000,1.0,1.7,0.0,1.5,1.5,1.5,1.5,1.4,1.4,1.0,15.0,42.0,wildfire
2001,0.0,0.0,0.0,0.0,0.0,0.0,0.0,0.0,0.0,42.0,42.0,42.0,wildfire
2002,1.0,2.0,21.0,1.5,1.5,1.4,1.4,1.4,1.4,1.0,12.0,7.0,wildfire
2003,1.0,5.6,22.0,4.8,4.8,4.7,4.7,4.5,4.5,1.0,5.0,6.0,wildfire
2004,0.0,0.0,0.0,0.0,0.0,0.0,0.0,0.0,0.0,42.0,42.0,42.0,wildfire
2005,0.0,0.0,0.0,0.0,0.0,0.0,0.0,0.0,0.0,42.0,42.0,42.0,wildfire
2006,1.0,2.0,28.0,1.7,1.7,1.7,1.7,1.6,1.6,1.0,12.0,4.0,wildfire
2007,1.0,3.6,12.0,3.4,3.4,3.3,3.3,3.2,3.2,1.0,7.0,10.0,wildfire
2008,1.0,1.5,16.0,1.4,1.4,1.4,1.4,1.3,1.3,1.0,16.0,9.0,wildfire
2009,1.0,1.3,10.0,1.1,1.1,1.1,1.1,1.0,1.0,1.0,17.0,12.0,wildfire
2010,0.0,0.0,0.0,0.0,0.0,0.0,0.0,0.0,0.0,42.0,42.0,42.0,wildfire
2011,1.0,2.2,5.0,1.7,1.7,1.7,1.7,1.6,1.6,1.0,11.0,14.0,wildfire
2012,1.0,2.0,8.0,1.8,1.8,1.7,1.7,1.6,1.6,1.0,12.0,13.0,wildfire
2013,0.0,0.0,0.0,0.0,0.0,0.0,0.0,0.0,0.0,42.0,42.0,42.0,wildfire
2014,0.0,0.0,0.0,0.0,0.0,0.0,0.0,0.0,0.0,42.0,42.0,42.0,wildfire
2015,1.0,3.4,12.0,3.2,3.2,3.1,3.1,3.0,3.0,1.0,8.0,10.0,wildfire
2016,1.0,2.7,21.0,2.3,2.3,2.2,2.2,2.2,2.2,1.0,9.0,7.0,wildfire
2017,1.0,19.3,54.0,15.8,15.8,15.2,15.2,15.0,15.0,1.0,2.0,2.0,wildfire
2018,1.0,25.0,106.0,20.5,20.5,19.8,19.8,18.7,18.7,1.0,1.0,1.0,wildfire
2019,1.0,4.6,3.0,3.3,3.3,3.1,3.1,2.6,2.6,1.0,6.0,16.0,wildfire
2020,1.0,16.6,46.0,13.6,13.6,13.1,13.1,12.6,12.6,1.0,3.0,3.0,wildfire
1980,0.0,0.0,0.0,0.0,0.0,0.0,0.0,0.0,0.0,42.0,42.0,42.0,winter-storm
1981,0.0,0.0,0.0,0.0,0.0,0.0,0.0,0.0,0.0,42.0,42.0,42.0,winter-storm
1982,1.0,1.8,85.0,1.3,1.3,1.1,1.1,0.1,0.1,4.0,13.0,6.0,winter-storm
1983,0.0,0.0,0.0,0.0,0.0,0.0,0.0,0.0,0.0,42.0,42.0,42.0,winter-storm
1984,0.0,0.0,0.0,0.0,0.0,0.0,0.0,0.0,0.0,42.0,42.0,42.0,winter-storm
1985,1.0,2.1,150.0,2.1,2.1,2.1,2.1,2.1,2.1,4.0,11.0,3.0,winter-storm
1986,0.0,0.0,0.0,0.0,0.0,0.0,0.0,0.0,0.0,42.0,42.0,42.0,winter-storm
1987,0.0,0.0,0.0,0.0,0.0,0.0,0.0,0.0,0.0,42.0,42.0,42.0,winter-storm
1988,0.0,0.0,0.0,0.0,0.0,0.0,0.0,0.0,0.0,42.0,42.0,42.0,winter-storm
1989,1.0,1.5,100.0,1.4,1.4,1.3,1.3,1.3,1.3,4.0,14.0,5.0,winter-storm
1990,0.0,0.0,0.0,0.0,0.0,0.0,0.0,0.0,0.0,42.0,42.0,42.0,winter-storm
1991,0.0,0.0,0.0,0.0,0.0,0.0,0.0,0.0,0.0,42.0,42.0,42.0,winter-storm
1992,1.0,4.7,19.0,4.2,4.2,4.0,4.0,3.9,3.9,4.0,5.0,12.0,winter-storm
1993,1.0,10.2,270.0,9.4,9.4,9.2,9.2,9.0,9.0,4.0,2.0,1.0,winter-storm
1994,2.0,7.3,79.0,6.3,6.3,6.1,6.1,6.0,6.0,1.0,3.0,7.0,winter-storm
1995,0.0,0.0,0.0,0.0,0.0,0.0,0.0,0.0,0.0,42.0,42.0,42.0,winter-storm
1996,1.0,5.1,187.0,4.1,4.1,4.0,4.0,3.9,3.9,4.0,4.0,2.0,winter-storm
1997,0.0,0.0,0.0,0.0,0.0,0.0,0.0,0.0,0.0,42.0,42.0,42.0,winter-storm
1998,1.0,2.3,16.0,1.9,1.9,1.8,1.8,1.7,1.7,4.0,10.0,13.0,winter-storm
1999,2.0,3.1,25.0,3.0,3.0,2.8,2.8,2.5,2.5,1.0,8.0,11.0,winter-storm
2000,1.0,1.1,4.0,0.9,0.9,0.8,0.8,0.7,0.7,4.0,15.0,15.0,winter-storm
2001,0.0,0.0,0.0,0.0,0.0,0.0,0.0,0.0,0.0,42.0,42.0,42.0,winter-storm
2002,0.0,0.0,0.0,0.0,0.0,0.0,0.0,0.0,0.0,42.0,42.0,42.0,winter-storm
2003,0.0,0.0,0.0,0.0,0.0,0.0,0.0,0.0,0.0,42.0,42.0,42.0,winter-storm
2004,0.0,0.0,0.0,0.0,0.0,0.0,0.0,0.0,0.0,42.0,42.0,42.0,winter-storm
2005,0.0,0.0,0.0,0.0,0.0,0.0,0.0,0.0,0.0,42.0,42.0,42.0,winter-storm
2006,0.0,0.0,0.0,0.0,0.0,0.0,0.0,0.0,0.0,42.0,42.0,42.0,winter-storm
2007,0.0,0.0,0.0,0.0,0.0,0.0,0.0,0.0,0.0,42.0,42.0,42.0,winter-storm
2008,0.0,0.0,0.0,0.0,0.0,0.0,0.0,0.0,0.0,42.0,42.0,42.0,winter-storm
2009,0.0,0.0,0.0,0.0,0.0,0.0,0.0,0.0,0.0,42.0,42.0,42.0,winter-storm
2010,1.0,1.0,3.0,1.0,1.0,1.0,1.0,0.9,0.9,4.0,16.0,16.0,winter-storm
2011,1.0,2.1,36.0,1.8,1.8,1.7,1.7,1.7,1.7,4.0,11.0,8.0,winter-storm
2012,0.0,0.0,0.0,0.0,0.0,0.0,0.0,0.0,0.0,42.0,42.0,42.0,winter-storm
2013,0.0,0.0,0.0,0.0,0.0,0.0,0.0,0.0,0.0,42.0,42.0,42.0,winter-storm
2014,1.0,2.4,16.0,2.4,2.4,2.2,2.2,2.0,2.0,4.0,9.0,13.0,winter-storm
2015,1.0,3.3,30.0,3.3,3.3,3.2,3.2,3.1,3.1,4.0,7.0,10.0,winter-storm
2016,0.0,0.0,0.0,0.0,0.0,0.0,0.0,0.0,0.0,42.0,42.0,42.0,winter-storm
2017,0.0,0.0,0.0,0.0,0.0,0.0,0.0,0.0,0.0,42.0,42.0,42.0,winter-storm
2018,2.0,3.4,31.0,2.9,2.9,2.8,2.8,2.6,2.6,1.0,6.0,9.0,winter-storm
2019,0.0,0.0,0.0,0.0,0.0,0.0,0.0,0.0,0.0,42.0,42.0,42.0,winter-storm
2020,0.0,0.0,0.0,0.0,0.0,0.0,0.0,0.0,0.0,42.0,42.0,42.0,winter-storm
1980,3.0,38.3,1280.0,29.7,29.7,27.4,27.4,25.9,25.9,35.0,14.0,3.0,all-disasters
1981,2.0,2.9,20.0,2.4,2.4,1.9,1.9,1.4,1.4,39.0,40.0,40.0,all-disasters
1982,3.0,4.4,148.0,3.7,3.7,3.1,3.1,1.9,1.9,35.0,39.0,21.0,all-disasters
1983,5.0,30.0,267.0,23.0,23.0,21.4,21.4,20.2,20.2,29.0,18.0,13.0,all-disasters
1984,2.0,2.8,81.0,2.5,2.5,2.2,2.2,2.0,2.0,39.0,41.0,31.0,all-disasters
1985,6.0,17.5,290.0,12.9,12.9,11.9,11.9,11.1,11.1,18.0,28.0,12.0,all-disasters
1986,2.0,5.6,113.0,4.4,4.4,4.2,4.2,4.0,4.0,39.0,38.0,29.0,all-disasters
1987,0.0,0.0,0.0,0.0,0.0,0.0,0.0,0.0,0.0,42.0,42.0,42.0,all-disasters
1988,1.0,45.4,454.0,34.6,34.6,32.0,32.0,30.9,30.9,41.0,13.0,7.0,all-disasters
1989,5.0,33.0,217.0,29.2,29.2,27.9,27.9,27.2,27.2,29.0,15.0,17.0,all-disasters
1990,3.0,10.8,13.0,8.9,8.9,8.5,8.5,8.2,8.2,35.0,37.0,41.0,all-disasters
1991,4.0,16.5,43.0,14.7,14.7,13.9,13.9,13.1,13.1,31.0,31.0,37.0,all-disasters
1992,7.0,67.8,113.0,60.9,60.9,58.4,58.4,57.0,57.0,14.0,9.0,29.0,all-disasters
1993,5.0,54.8,339.0,41.9,41.9,39.7,39.7,38.2,38.2,29.0,10.0,10.0,all-disasters
1994,6.0,14.0,133.0,12.4,12.4,11.9,11.9,11.3,11.3,18.0,34.0,25.0,all-disasters
1995,6.0,29.1,977.0,23.8,23.8,22.5,22.5,21.6,21.6,18.0,19.0,4.0,all-disasters
1996,4.0,18.3,233.0,16.5,16.5,15.6,15.6,15.1,15.1,31.0,27.0,16.0,all-disasters
1997,3.0,12.7,114.0,11.8,11.8,11.0,11.0,10.2,10.2,35.0,36.0,27.0,all-disasters
1998,10.0,32.5,421.0,27.8,27.8,26.6,26.6,25.8,25.8,10.0,16.0,8.0,all-disasters
1999,5.0,20.7,659.0,18.5,18.5,17.8,17.8,17.0,17.0,29.0,23.0,6.0,all-disasters
2000,5.0,13.1,147.0,11.9,11.9,11.7,11.7,11.1,11.1,29.0,35.0,22.0,all-disasters
2001,2.0,17.4,46.0,15.2,15.2,14.6,14.6,14.3,14.3,39.0,29.0,35.0,all-disasters
2002,6.0,22.8,63.0,21.3,21.3,21.0,21.0,20.4,20.4,18.0,22.0,32.0,all-disasters
2003,7.0,32.5,180.0,28.4,28.4,27.7,27.7,27.0,27.0,14.0,16.0,18.0,all-disasters
2004,5.0,77.7,172.0,69.8,69.8,67.7,67.7,66.4,66.4,29.0,8.0,19.0,all-disasters
2005,6.0,230.8,2002.0,194.2,194.2,184.6,184.6,178.5,178.5,18.0,2.0,2.0,all-disasters
2006,7.0,20.3,96.0,18.7,18.7,18.2,18.2,17.6,17.6,14.0,25.0,30.0,all-disasters
2007,5.0,16.0,37.0,14.7,14.7,14.3,14.3,14.1,14.1,29.0,32.0,38.0,all-disasters
2008,12.0,80.5,315.0,72.5,72.5,70.3,70.3,69.0,69.0,7.0,7.0,11.0,all-disasters
2009,8.0,15.9,33.0,14.5,14.5,14.2,14.2,13.8,13.8,13.0,33.0,39.0,all-disasters
2010,7.0,16.7,51.0,15.1,15.1,14.7,14.7,14.3,14.3,14.0,30.0,34.0,all-disasters
2011,16.0,80.9,764.0,73.3,73.3,70.9,70.9,68.9,68.9,2.0,6.0,5.0,all-disasters
2012,11.0,134.4,377.0,118.1,118.1,113.5,113.5,110.6,110.6,8.0,3.0,9.0,all-disasters
2013,10.0,26.9,114.0,25.1,25.1,24.5,24.5,23.9,23.9,10.0,20.0,27.0,all-disasters
2014,9.0,20.4,53.0,19.1,19.1,18.2,18.2,17.5,17.5,12.0,24.0,33.0,all-disasters
2015,11.0,26.0,158.0,23.9,23.9,23.1,23.1,22.1,22.1,8.0,21.0,20.0,all-disasters
2016,15.0,51.5,138.0,41.4,41.4,39.2,39.2,37.8,37.8,4.0,11.0,24.0,all-disasters
2017,16.0,327.8,3278.0,266.7,266.7,242.6,242.6,228.1,228.1,2.0,1.0,1.0,all-disasters
2018,14.0,94.7,247.0,78.3,78.3,72.1,72.1,65.8,65.8,5.0,5.0,15.0,all-disasters
2019,14.0,46.1,44.0,37.0,37.0,34.9,34.9,32.5,32.5,5.0,12.0,36.0,all-disasters
2020,22.0,95.8,262.0,83.7,83.7,80.3,80.3,76.7,76.7,1.0,4.0,14.0,all-disasters
